Abel;999.434.129-19;12/01/1998;emailA@gmail.com
William;121.112.112-18;01/01/2001;emailW@gmail.com
Frank;001.110.112.19;08/08/2098;emailF@gmail.com
Astolfo;229.221.229-18;09/08/1997;emailAST@gmail.com
Karna;888.221.231-12;08/01/1972;emailKAR@gmail.com
Jeanne;128.123.123-11;08/01/1974;emailJ@gmail.com
Martha;923.238.128-11;09/01/1972;emailM@gmail.com
Semiramis;462.234.163-10;10/01/1972;emailS@gmail.com
Lilith;450.235.124-09;08/12/1972;emailL@gmail.com
Kain;245.123.124-09;08/01/1899;emailK@gmail.com
Tristan;123.456.123-19;20/12/1993;emailteste@gmail.com
Vanessa;192.129.129-10;10/02/1973;emailteste05@gmail.com
